node,NTP shifts
mpi1,0.000411409
mpi2,0.001975155
mpi3,-0.000000039
mpi4,-0.000000326
mpi5,0.000156075
mpi6,0.000190920